Workbook

Sheet 物品管理列表
A1: 物品编号 | B1: 物品名称 | C1: 品牌 | D1: 型号规格 | E1: 单位 | F1: 类别 | G1: 备注
A2: ITEM001 | B2: 电脑 | C2: Dell | D2: OptiPlex 7090 | E2: 台 | F2: 固定资产 | G2: 办公用
A3: ITEM002 | B3: 打印机 | C3: HP | D3: LaserJet Pro M404n | E3: 台 | F3: 固定资产 | G3: 黑白激光
A4: ITEM003 | B4: 办公椅 | C4: Herman Miller | D4: 人体工学椅 | E4: 把 | F4: 固定资产 | G4: 可调节高度
A5: ITEM004 | B5: 黑笔 | C5: 晨光 | D5: 0.5mm黑笔 | E5: 支 | F5: 消耗品

Sheet 采购申请模板
A1: 产品名称 | B1: 品牌 | C1: 产品规格 | D1: 单位 | E1: 类别 | F1: 单价 | G1: 北片区数量 | H1: 中片区数量 | I1: 东片区数量 | J1: 西南片区数量
A2: 电脑 | B2: =IFERROR(VLOOKUP(A2, 物品管理列表!$B$2:$G$5, 2, FALSE), "") -> Dell | C2: =IFERROR(VLOOKUP(A2, 物品管理列表!$B$2:$G$5, 3, FALSE), "") -> OptiPlex 7090 | D2: =IFERROR(VLOOKUP(A2, 物品管理列表!$B$2:$G$5, 4, FALSE), "") -> 台 | E2: =IFERROR(VLOOKUP(A2, 物品管理列表!$B$2:$G$5, 5, FALSE), "") -> 固定资产 | F2: 5000 | G2: 1 | H2: 1 | I2: 1 | J2: 1
A3: 黑笔 | B3: =IFERROR(VLOOKUP(A3, 物品管理列表!$B$2:$G$5, 2, FALSE), "") -> 晨光 | C3: =IFERROR(VLOOKUP(A3, 物品管理列表!$B$2:$G$5, 3, FALSE), "") -> 0.5mm黑笔 | D3: =IFERROR(VLOOKUP(A3, 物品管理列表!$B$2:$G$5, 4, FALSE), "") -> 支 | E3: =IFERROR(VLOOKUP(A3, 物品管理列表!$B$2:$G$5, 5, FALSE), "") -> 消耗品 | F3: 1 | G3: 20 | H3: 20 | I3: 20 | J3: 20
A4: 办公椅 | B4: =IFERROR(VLOOKUP(A4, 物品管理列表!$B$2:$G$5, 2, FALSE), "") -> Herman Miller | C4: =IFERROR(VLOOKUP(A4, 物品管理列表!$B$2:$G$5, 3, FALSE), "") -> 人体工学椅 | D4: =IFERROR(VLOOKUP(A4, 物品管理列表!$B$2:$G$5, 4, FALSE), "") -> 把 | E4: =IFERROR(VLOOKUP(A4, 物品管理列表!$B$2:$G$5, 5, FALSE), "") -> 固定资产 | F4: 200 | G4: 1 | H4: 1 | I4: 1 | J4: 1
B5: =IFERROR(VLOOKUP(A5, 物品管理列表!$B$2:$G$5, 2, FALSE), "") | C5: =IFERROR(VLOOKUP(A5, 物品管理列表!$B$2:$G$5, 3, FALSE), "") | D5: =IFERROR(VLOOKUP(A5, 物品管理列表!$B$2:$G$5, 4, FALSE), "") | E5: =IFERROR(VLOOKUP(A5, 物品管理列表!$B$2:$G$5, 5, FALSE), "") | G5: 0 | H5: 0 | I5: 0 | J5: 0
B6: =IFERROR(VLOOKUP(A6, 物品管理列表!$B$2:$G$5, 2, FALSE), "") | C6: =IFERROR(VLOOKUP(A6, 物品管理列表!$B$2:$G$5, 3, FALSE), "") | D6: =IFERROR(VLOOKUP(A6, 物品管理列表!$B$2:$G$5, 4, FALSE), "") | E6: =IFERROR(VLOOKUP(A6, 物品管理列表!$B$2:$G$5, 5, FALSE), "") | G6: 0 | H6: 0 | I6: 0 | J6: 0
B7: =IFERROR(VLOOKUP(A7, 物品管理列表!$B$2:$G$5, 2, FALSE), "") | C7: =IFERROR(VLOOKUP(A7, 物品管理列表!$B$2:$G$5, 3, FALSE), "") | D7: =IFERROR(VLOOKUP(A7, 物品管理列表!$B$2:$G$5, 4, FALSE), "") | E7: =IFERROR(VLOOKUP(A7, 物品管理列表!$B$2:$G$5, 5, FALSE), "") | G7: 0 | H7: 0 | I7: 0 | J7: 0
B8: =IFERROR(VLOOKUP(A8, 物品管理列表!$B$2:$G$5, 2, FALSE), "") | C8: =IFERROR(VLOOKUP(A8, 物品管理列表!$B$2:$G$5, 3, FALSE), "") | D8: =IFERROR(VLOOKUP(A8, 物品管理列表!$B$2:$G$5, 4, FALSE), "") | E8: =IFERROR(VLOOKUP(A8, 物品管理列表!$B$2:$G$5, 5, FALSE), "") | G8: 0 | H8: 0 | I8: 0 | J8: 0
B9: =IFERROR(VLOOKUP(A9, 物品管理列表!$B$2:$G$5, 2, FALSE), "") | C9: =IFERROR(VLOOKUP(A9, 物品管理列表!$B$2:$G$5, 3, FALSE), "") | D9: =IFERROR(VLOOKUP(A9, 物品管理列表!$B$2:$G$5, 4, FALSE), "") | E9: =IFERROR(VLOOKUP(A9, 物品管理列表!$B$2:$G$5, 5, FALSE), "") | G9: 0 | H9: 0 | I9: 0 | J9: 0
B10: =IFERROR(VLOOKUP(A10, 物品管理列表!$B$2:$G$5, 2, FALSE), "") | C10: =IFERROR(VLOOKUP(A10, 物品管理列表!$B$2:$G$5, 3, FALSE), "") | D10: =IFERROR(VLOOKUP(A10, 物品管理列表!$B$2:$G$5, 4, FALSE), "") | E10: =IFERROR(VLOOKUP(A10, 物品管理列表!$B$2:$G$5, 5, FALSE), "") | G10: 0 | H10: 0 | I10: 0 | J10: 0
B11: =IFERROR(VLOOKUP(A11, 物品管理列表!$B$2:$G$5, 2, FALSE), "") | C11: =IFERROR(VLOOKUP(A11, 物品管理列表!$B$2:$G$5, 3, FALSE), "") | D11: =IFERROR(VLOOKUP(A11, 物品管理列表!$B$2:$G$5, 4, FALSE), "") | E11: =IFERROR(VLOOKUP(A11, 物品管理列表!$B$2:$G$5, 5, FALSE), "") | G11: 0 | H11: 0 | I11: 0 | J11: 0

Sheet 使用说明
A1: 说明 | B1: 步骤 | C1: 提示
A2: 使用指南
B3: 1. 在"采购申请模板"工作表中，点击产品名称列的单元格，从下拉列表中选择物品
B4: 2. 选择物品后，产品类型、产品规格和单价会自动填充
B5: 3. 填写各片区的采购数量
B6: 4. 可以添加多行采购申请
B7: 5. 填写完成后，保存文件并导入到系统中
C8: "物品管理列表"工作表包含所有现有的物品信息，可用于参考
